epoch,train_loss,train_acc,val_loss,val_acc
1,4.611163915942772,0.7957559681697612,4.575468622228151,1.075268817204301
2,4.582733981489187,1.5915119363395225,4.569514982161984,0.0
3,4.534427074918064,1.856763925729443,4.560021056923815,2.150537634408602
4,4.447212731490401,2.9177718832891246,4.6281077733603855,0.0
5,4.388541011658524,2.387267904509284,4.843784065656765,1.075268817204301
6,4.392427730307339,3.4482758620689653,4.7646828825755785,2.150537634408602
7,4.255164996382412,3.4482758620689653,5.116704335776708,1.075268817204301
8,4.103240682212364,4.244031830238727,5.2358816823651715,1.075268817204301
9,3.9502908190618458,6.896551724137931,5.446769888683032,1.075268817204301
10,3.750499356014343,11.405835543766578,5.358881893978324,3.225806451612903
11,3.611698078540023,11.671087533156498,5.807070609061949,1.075268817204301
12,3.3813230232471496,14.058355437665783,5.874327249424432,2.150537634408602
13,3.373896252255225,12.73209549071618,5.864031319977135,2.150537634408602
14,3.1695580646909516,15.649867374005305,6.0894451500267115,3.225806451612903
15,2.976846410361778,21.220159151193634,6.231571284673548,1.075268817204301
16,2.878034624560126,19.893899204244033,5.97672043051771,3.225806451612903
17,2.718330531284727,25.9946949602122,5.959222603869694,3.225806451612903
18,2.6702885558181477,28.116710875331567,6.434573993887953,2.150537634408602
19,2.596989178214845,27.320954907161802,6.563784271158198,3.225806451612903
20,2.525099254729577,31.83023872679045,6.958394737653835,3.225806451612903
21,2.2655983464471223,38.19628647214854,7.15931583732687,2.150537634408602
22,2.1693134269916725,39.257294429708224,7.28905713686379,4.301075268817204
23,1.9425315705155188,44.56233421750663,7.323908877629106,3.225806451612903
24,1.9775853087478354,41.11405835543766,6.675180060889131,5.376344086021505
25,1.9907212099282747,40.84880636604775,7.121596397892121,3.225806451612903
26,1.7843818563365177,47.745358090185675,7.933787663777669,4.301075268817204
27,1.7754837932257816,49.3368700265252,7.321288713844874,3.225806451612903
28,1.6579182299758142,52.51989389920424,7.611948669597667,4.301075268817204
29,1.5627814347927387,55.172413793103445,8.235684435854676,3.225806451612903
30,1.4602577974056374,58.09018567639257,8.041675690681704,3.225806451612903
31,1.3449740403526973,59.41644562334218,8.214760195824407,5.376344086021505
32,1.3680887728218059,57.824933687002655,8.554160394976217,3.225806451612903
33,1.3551508036469275,55.96816976127321,8.048514930150843,3.225806451612903
34,1.285865202822799,59.94694960212202,8.220596877477503,2.150537634408602
35,1.1267251271151737,67.63925729442971,8.385113213651923,4.301075268817204
36,1.111899287378124,64.19098143236074,8.727320558281354,3.225806451612903
37,1.115134151924194,64.9867374005305,8.087466660366264,3.225806451612903
38,0.9743474434162008,72.41379310344827,8.640132709216045,4.301075268817204
39,0.9680887772170556,69.49602122015915,8.336198796508132,3.225806451612903
