epoch,train_loss,train_acc,val_loss,val_acc
1,3.3596452474594116,4.9375,4.787329448166714,3.225806451612903
2,3.1562370347976683,9.4375,4.794951690140591,1.075268817204301
3,3.018571128845215,13.0625,4.592127323150635,2.150537634408602
4,2.8323810720443725,18.5,4.39075691469254,2.150537634408602
5,2.619400863647461,24.9375,4.619417805825511,4.301075268817204
6,2.551434211730957,26.0625,4.58691208849671,4.301075268817204
7,2.489170203208923,31.4375,4.4713134868170625,3.225806451612903
8,2.371964612007141,39.625,4.499944476671116,3.225806451612903
9,2.3294543266296386,43.1875,4.491130090528919,3.225806451612903
10,2.2929895067214967,47.4375,4.525917509550689,3.225806451612903
11,2.242148642539978,57.125,4.576473046374577,3.225806451612903
12,2.1840745973587037,58.75,4.429709270436277,2.150537634408602
13,2.148868832588196,64.9375,4.525133968681417,2.150537634408602
14,2.118245735168457,68.625,4.3616577476583505,2.150537634408602
15,2.103125901222229,71.0,4.34384193728047,2.150537634408602
16,2.091890363693237,73.5,4.388589807735976,4.301075268817204
17,2.098659553527832,73.6875,4.317636992341729,3.225806451612903
18,2.0806531286239625,75.375,4.401803944700507,4.301075268817204
19,2.0702445840835573,75.3125,4.407449050616193,5.376344086021505
20,2.0593446254730225,77.0625,4.482542935238089,3.225806451612903
21,2.052332820892334,76.625,4.390355694678522,3.225806451612903
22,2.0453314328193666,79.1875,4.462497439435733,3.225806451612903
23,2.0323320412635804,77.25,4.370117787391909,3.225806451612903
24,2.010398051738739,81.25,4.470832563215686,2.150537634408602
25,2.0034826755523683,80.1875,4.371390024820964,6.451612903225806
26,1.9934654211997986,80.875,4.451980575438468,7.526881720430108
27,1.988039186000824,79.625,4.459756712759694,3.225806451612903
28,1.9921176218986512,78.375,4.406623691640874,5.376344086021505
29,1.9706147027015686,81.6875,4.409723630515478,4.301075268817204
30,1.960981674194336,80.5,4.327463785807292,5.376344086021505
31,1.9497545814514161,81.3125,4.469507478898572,4.301075268817204
32,1.970091824531555,79.1875,4.365799724414784,3.225806451612903
33,1.9488026690483093,82.3125,4.375640802485968,5.376344086021505
34,1.9434612107276916,81.5625,4.421717556574011,4.301075268817204
35,1.9316339015960693,84.25,4.404436819015011,4.301075268817204
36,1.9305715870857239,82.5,4.41941866823422,6.451612903225806
37,1.9181730103492738,83.0,4.399954365145776,1.075268817204301
38,1.921583821773529,82.9375,4.40078450787452,2.150537634408602
39,1.9142420840263368,84.3125,4.382497172201833,6.451612903225806
40,1.9208485198020935,83.625,4.430624900325652,5.376344086021505
41,1.9151390886306763,85.4375,4.447807655539564,5.376344086021505
